Position,Name + ID,Name,ID,Roster Position,Salary,Game Info,TeamAbbrev,AvgPointsPerGame
SP,Paul Skenes (38257932),Paul Skenes,38257932,P,10000,PIT@MIA 03/30/2025 01:40PM ET,PIT,23.74
SP,Zack Wheeler (38257933),Zack Wheeler,38257933,P,9500,PHI@WSH 03/30/2025 01:35PM ET,PHI,23.01
SP,Aaron Nola (38257577),Aaron Nola,38257577,P,9200,PHI@WSH 03/30/2025 01:35PM ET,PHI,18.10
SP,Max Fried (38257934),Max Fried,38257934,P,9200,MIL@NYY 03/30/2025 01:35PM ET,NYY,17.25
SP,Gerrit Cole (38257935),Gerrit Cole,38257935,P,9100,MIL@NYY 03/30/2025 01:35PM ET,NYY,17.32
SP,Jacob deGrom (38257578),Jacob deGrom,38257578,P,9000,BOS@TEX 03/30/2025 02:35PM ET,TEX,13.4
RP,Garrett Crochet (38257936),Garrett Crochet,38257936,P,9000,BOS@TEX 03/30/2025 02:35PM ET,BOS,17.43
SP,Joe Ryan (38257937),Joe Ryan,38257937,P,8800,MIN@STL 03/30/2025 02:15PM ET,MIN,18.71
SP,Tanner Bibee (38257579),Tanner Bibee,38257579,P,8700,CLE@KC 03/30/2025 02:10PM ET,CLE,17.06
SP,Cole Ragans (38257938),Cole Ragans,38257938,P,8600,CLE@KC 03/30/2025 02:10PM ET,KC,20.42
RP,Seth Lugo (38257939),Seth Lugo,38257939,P,8600,CLE@KC 03/30/2025 02:10PM ET,KC,18.24
SP,Robbie Ray (38257580),Robbie Ray,38257580,P,8500,SF@CIN 03/30/2025 01:40PM ET,SF,15.77
SP,Gavin Williams (38257940),Gavin Williams,38257940,P,8400,CLE@KC 03/30/2025 02:10PM ET,CLE,11.78
SP,Freddy Peralta (38257941),Freddy Peralta,38257941,P,8300,MIL@NYY 03/30/2025 01:35PM ET,MIL,16.87
SP,Bailey Ober (38257581),Bailey Ober,38257581,P,8300,MIN@STL 03/30/2025 02:15PM ET,MIN,18.24
SP,Ranger Suarez (38257943),Ranger Suarez,38257943,P,8200,PHI@WSH 03/30/2025 01:35PM ET,PHI,16.98
SP,Jesus Luzardo (38257944),Jesus Luzardo,38257944,P,8200,PHI@WSH 03/30/2025 01:35PM ET,PHI,12.75
SP,Taj Bradley (38257582),Taj Bradley,38257582,P,8200,COL@TB 03/30/2025 01:40PM ET,TB,16.85
SP,Pablo Lopez (38257942),Pablo Lopez,38257942,P,8200,MIN@STL 03/30/2025 02:15PM ET,MIN,17.74
SP,Shane Bieber (38257945),Shane Bieber,38257945,P,8200,CLE@KC 03/30/2025 02:10PM ET,CLE,34.2
SP,Kevin Gausman (38257949),Kevin Gausman,38257949,P,8100,BAL@TOR 03/30/2025 01:37PM ET,TOR,16.35
SP,Jose Berrios (38257950),Jose Berrios,38257950,P,8100,BAL@TOR 03/30/2025 01:37PM ET,TOR,15.94
SP,Max Scherzer (38257951),Max Scherzer,38257951,P,8100,BAL@TOR 03/30/2025 01:37PM ET,TOR,12.99
SP,Walker Buehler (38257952),Walker Buehler,38257952,P,8100,BOS@TEX 03/30/2025 02:35PM ET,BOS,8.93
SP,Carlos Rodon (38257946),Carlos Rodon,38257946,P,8100,MIL@NYY 03/30/2025 01:35PM ET,NYY,17.29
SP,Luis Gil (38257948),Luis Gil,38257948,P,8100,MIL@NYY 03/30/2025 01:35PM ET,NYY,16.73
SP,Shane McClanahan (38257947),Shane McClanahan,38257947,P,8100,COL@TB 03/30/2025 01:40PM ET,TB,0
SP,Chris Bassitt (38257583),Chris Bassitt,38257583,P,8000,BAL@TOR 03/30/2025 01:37PM ET,TOR,14.30
SP,Grayson Rodriguez (38257954),Grayson Rodriguez,38257954,P,8000,BAL@TOR 03/30/2025 01:37PM ET,BAL,19.22
SP,Justin Verlander (38257953),Justin Verlander,38257953,P,8000,SF@CIN 03/30/2025 01:40PM ET,SF,10.74
SP,Ryan Pepiot (38257955),Ryan Pepiot,38257955,P,7900,COL@TB 03/30/2025 01:40PM ET,TB,15.78
SP,Jared Jones (38257956),Jared Jones,38257956,P,7900,PIT@MIA 03/30/2025 01:40PM ET,PIT,16.35
SP,Mitch Keller (38257957),Mitch Keller,38257957,P,7900,PIT@MIA 03/30/2025 01:40PM ET,PIT,14.93
RP,Carlos Hernandez (38257963),Carlos Hernandez,38257963,P,7800,PHI@WSH 03/30/2025 01:35PM ET,PHI,2.77
SP,Brandon Woodruff (38257962),Brandon Woodruff,38257962,P,7800,MIL@NYY 03/30/2025 01:35PM ET,MIL,0
SP,Nick Lodolo (38257961),Nick Lodolo,38257961,P,7800,SF@CIN 03/30/2025 01:40PM ET,CIN,15.42
SP,Sonny Gray (38257960),Sonny Gray,38257960,P,7800,MIN@STL 03/30/2025 02:15PM ET,STL,20.71
SP,Michael Wacha (38257584),Michael Wacha,38257584,P,7800,CLE@KC 03/30/2025 02:10PM ET,KC,15.54
SP,Eury Perez (38257958),Eury Perez,38257958,P,7800,PIT@MIA 03/30/2025 01:40PM ET,MIA,0
RP,Sandy Alcantara (38257959),Sandy Alcantara,38257959,P,7800,PIT@MIA 03/30/2025 01:40PM ET,MIA,0
SP,Cristopher Sanchez (38257964),Cristopher Sanchez,38257964,P,7700,PHI@WSH 03/30/2025 01:35PM ET,PHI,15.95
SP,Tanner Houck (38257966),Tanner Houck,38257966,P,7700,BOS@TEX 03/30/2025 02:35PM ET,BOS,16.5
SP,Lucas Giolito (38257967),Lucas Giolito,38257967,P,7700,BOS@TEX 03/30/2025 02:35PM ET,BOS,0
SP,Nathan Eovaldi (38257968),Nathan Eovaldi,38257968,P,7700,BOS@TEX 03/30/2025 02:35PM ET,TEX,17.32
SP,Erick Fedde (38257965),Erick Fedde,38257965,P,7700,MIN@STL 03/30/2025 02:15PM ET,STL,15.69
RP,Marcus Stroman (38257585),Marcus Stroman,38257585,P,7600,MIL@NYY 03/30/2025 01:35PM ET,NYY,10.75
SP,Michael Lorenzen (38257969),Michael Lorenzen,38257969,P,7600,CLE@KC 03/30/2025 02:10PM ET,KC,11.64
RP,Zack Littell (38257970),Zack Littell,38257970,P,7500,COL@TB 03/30/2025 01:40PM ET,TB,14.32
RP,Landen Roupp (38257971),Landen Roupp,38257971,P,7500,SF@CIN 03/30/2025 01:40PM ET,SF,5.62
SP,Logan Webb (38257972),Logan Webb,38257972,P,7500,SF@CIN 03/30/2025 01:40PM ET,SF,16.72
RP,Andrew Heaney (38257586),Andrew Heaney,38257586,P,7500,PIT@MIA 03/30/2025 01:40PM ET,PIT,13.09
SP,Tomoyuki Sugano (38257587),Tomoyuki Sugano,38257587,P,7400,BAL@TOR 03/30/2025 01:37PM ET,BAL,0
SP,Kumar Rocker (38257975),Kumar Rocker,38257975,P,7400,BOS@TEX 03/30/2025 02:35PM ET,TEX,10.95
RP,Nestor Cortes (38257974),Nestor Cortes,38257974,P,7400,MIL@NYY 03/30/2025 01:35PM ET,MIL,14.68
SP,Hunter Greene (38257973),Hunter Greene,38257973,P,7400,SF@CIN 03/30/2025 01:40PM ET,CIN,19.89
RP,Brady Singer (38257976),Brady Singer,38257976,P,7400,SF@CIN 03/30/2025 01:40PM ET,CIN,14.90
SP,Mitchell Parker (38257588),Mitchell Parker,38257588,P,7300,PHI@WSH 03/30/2025 01:35PM ET,WSH,12.77
SP,Jonathan Cannon (38257979),Jonathan Cannon,38257979,P,7300,LAA@CWS 03/30/2025 02:10PM ET,CWS,11.15
SP,Tobias Myers (38257980),Tobias Myers,38257980,P,7300,MIL@NYY 03/30/2025 01:35PM ET,MIL,15.28
SP,Steven Matz (38257978),Steven Matz,38257978,P,7300,MIN@STL 03/30/2025 02:15PM ET,STL,6.68
RP,Calvin Faucher (38257977),Calvin Faucher,38257977,P,7300,PIT@MIA 03/30/2025 01:40PM ET,MIA,3.20
SP,Aaron Civale (38257589),Aaron Civale,38257589,P,7200,MIL@NYY 03/30/2025 01:35PM ET,MIL,13.02
SP,Valente Bellozo (38257981),Valente Bellozo,38257981,P,7200,PIT@MIA 03/30/2025 01:40PM ET,MIA,11.02
RP,Jose Soriano (38257983),Jose Soriano,38257983,P,7100,LAA@CWS 03/30/2025 02:10PM ET,LAA,13.60
SP,Clarke Schmidt (38257982),Clarke Schmidt,38257982,P,7100,MIL@NYY 03/30/2025 01:35PM ET,NYY,15.66
SP,Ryan Feltner (38257590),Ryan Feltner,38257590,P,7100,COL@TB 03/30/2025 01:40PM ET,COL,11.90
SP,Jake Irvin (38257991),Jake Irvin,38257991,P,7000,PHI@WSH 03/30/2025 01:35PM ET,WSH,13.72
SP,Joe Ross (38257995),Joe Ross,38257995,P,7000,PHI@WSH 03/30/2025 01:35PM ET,PHI,7.20
SP,Cade Povich (38257987),Cade Povich,38257987,P,7000,BAL@TOR 03/30/2025 01:37PM ET,BAL,10.44
SP,Kyle Bradish (38257988),Kyle Bradish,38257988,P,7000,BAL@TOR 03/30/2025 01:37PM ET,BAL,18.94
SP,Zach Eflin (38257990),Zach Eflin,38257990,P,7000,BAL@TOR 03/30/2025 01:37PM ET,BAL,15.23
SP,Charlie Morton (38257992),Charlie Morton,38257992,P,7000,BAL@TOR 03/30/2025 01:37PM ET,BAL,14.73
RP,Richard Fitts (38257591),Richard Fitts,38257591,P,7000,BOS@TEX 03/30/2025 02:35PM ET,BOS,10.22
SP,Kutter Crawford (38257989),Kutter Crawford,38257989,P,7000,BOS@TEX 03/30/2025 02:35PM ET,BOS,14.74
SP,Brayan Bello (38257993),Brayan Bello,38257993,P,7000,BOS@TEX 03/30/2025 02:35PM ET,BOS,14.20
SP,Tyler Mahle (38257994),Tyler Mahle,38257994,P,7000,BOS@TEX 03/30/2025 02:35PM ET,TEX,7.7
SP,Shane Baz (38257984),Shane Baz,38257984,P,7000,COL@TB 03/30/2025 01:40PM ET,TB,16.12
SP,Kyle Freeland (38257985),Kyle Freeland,38257985,P,7000,COL@TB 03/30/2025 01:40PM ET,COL,10.07
SP,Hayden Birdsong (38257986),Hayden Birdsong,38257986,P,7000,SF@CIN 03/30/2025 01:40PM ET,SF,13.72
SP,John Means (38257996),John Means,38257996,P,7000,CLE@KC 03/30/2025 02:10PM ET,CLE,15.78
SP,Jakob Junis (38257997),Jakob Junis,38257997,P,7000,CLE@KC 03/30/2025 02:10PM ET,CLE,8.03
SP,Slade Cecconi (38257998),Slade Cecconi,38257998,P,7000,CLE@KC 03/30/2025 02:10PM ET,CLE,6.37
SP,Joey Cantillo (38257999),Joey Cantillo,38257999,P,7000,CLE@KC 03/30/2025 02:10PM ET,CLE,9.82
SP,Triston McKenzie (38258000),Triston McKenzie,38258000,P,7000,CLE@KC 03/30/2025 02:10PM ET,CLE,10.80
RP,Ben Lively (38258001),Ben Lively,38258001,P,7000,CLE@KC 03/30/2025 02:10PM ET,CLE,12.99
RP,Luis Ortiz (38258002),Luis Ortiz,38258002,P,7000,CLE@KC 03/30/2025 02:10PM ET,CLE,9.48
SP,Yusei Kikuchi (38258003),Yusei Kikuchi,38258003,P,6900,LAA@CWS 03/30/2025 02:10PM ET,LAA,17.42
SP,Kyle Hendricks (38258004),Kyle Hendricks,38258004,P,6900,LAA@CWS 03/30/2025 02:10PM ET,LAA,6.77
SP,Tyler Anderson (38258005),Tyler Anderson,38258005,P,6900,LAA@CWS 03/30/2025 02:10PM ET,LAA,13.96
RP,Andre Pallante (38257592),Andre Pallante,38257592,P,6900,MIN@STL 03/30/2025 02:15PM ET,STL,10.17
SP,Max Meyer (38257593),Max Meyer,38257593,P,6800,PIT@MIA 03/30/2025 01:40PM ET,MIA,9.75
SP,Bailey Falter (38258006),Bailey Falter,38258006,P,6800,PIT@MIA 03/30/2025 01:40PM ET,PIT,10.59
SP,Davis Martin (38257594),Davis Martin,38257594,P,6700,LAA@CWS 03/30/2025 02:10PM ET,CWS,10.16
SP,Michael Soroka (38258008),Michael Soroka,38258008,P,6600,PHI@WSH 03/30/2025 01:35PM ET,WSH,7.82
SP,DJ Herz (38258009),DJ Herz,38258009,P,6600,PHI@WSH 03/30/2025 01:35PM ET,WSH,14.55
SP,MacKenzie Gore (38258010),MacKenzie Gore,38258010,P,6600,PHI@WSH 03/30/2025 01:35PM ET,WSH,14.92
RP,Dean Kremer (38258007),Dean Kremer,38258007,P,6600,BAL@TOR 03/30/2025 01:37PM ET,BAL,14.72
RP,Nick Martinez (38257595),Nick Martinez,38257595,P,6600,SF@CIN 03/30/2025 01:40PM ET,CIN,9.67
SP,Alec Marsh (38258011),Alec Marsh,38258011,P,6600,CLE@KC 03/30/2025 02:10PM ET,KC,13.02
SP,Kris Bubic (38258012),Kris Bubic,38258012,P,6600,CLE@KC 03/30/2025 02:10PM ET,KC,3.98
SP,Jack Kochanowicz (38257596),Jack Kochanowicz,38257596,P,6500,LAA@CWS 03/30/2025 02:10PM ET,LAA,8.67
RP,Cody Bradford (38258014),Cody Bradford,38258014,P,6500,BOS@TEX 03/30/2025 02:35PM ET,TEX,16.35
SP,Jon Gray (38258015),Jon Gray,38258015,P,6500,BOS@TEX 03/30/2025 02:35PM ET,TEX,10.11
SP,Jack Leiter (38258016),Jack Leiter,38258016,P,6500,BOS@TEX 03/30/2025 02:35PM ET,TEX,3.76
SP,Miles Mikolas (38258013),Miles Mikolas,38258013,P,6500,MIN@STL 03/30/2025 02:15PM ET,STL,10.37
SP,Drew Rasmussen (38258017),Drew Rasmussen,38258017,P,6400,COL@TB 03/30/2025 01:40PM ET,TB,6.12
SP,Antonio Senzatela (38258018),Antonio Senzatela,38258018,P,6400,COL@TB 03/30/2025 01:40PM ET,COL,3.32
RP,Sean Burke (38258026),Sean Burke,38258026,P,6300,LAA@CWS 03/30/2025 02:10PM ET,CWS,19.34
OF,Aaron Judge (38257597),Aaron Judge,38257597,OF,6300,MIL@NYY 03/30/2025 01:35PM ET,NYY,11.69
SP,Braxton Garrett (38258019),Braxton Garrett,38258019,P,6300,PIT@MIA 03/30/2025 01:40PM ET,MIA,12.98
SP,Edward Cabrera (38258020),Edward Cabrera,38258020,P,6300,PIT@MIA 03/30/2025 01:40PM ET,MIA,12.93
RP,Anthony Veneziano (38258021),Anthony Veneziano,38258021,P,6300,PIT@MIA 03/30/2025 01:40PM ET,MIA,3.33
RP,Tyler Phillips (38258022),Tyler Phillips,38258022,P,6300,PIT@MIA 03/30/2025 01:40PM ET,MIA,8.89
RP,Connor Gillispie (38258023),Connor Gillispie,38258023,P,6300,PIT@MIA 03/30/2025 01:40PM ET,MIA,8.2
RP,Ryan Weathers (38258024),Ryan Weathers,38258024,P,6300,PIT@MIA 03/30/2025 01:40PM ET,MIA,14.9
RP,Cal Quantrill (38258025),Cal Quantrill,38258025,P,6300,PIT@MIA 03/30/2025 01:40PM ET,MIA,9.66
SS,Bobby Witt Jr. (38257598),Bobby Witt Jr.,38257598,SS,6200,CLE@KC 03/30/2025 02:10PM ET,KC,10.63
RP,Alex Faedo (38258027),Alex Faedo,38258027,P,6100,COL@TB 03/30/2025 01:40PM ET,TB,4.46
3B,Jose Ramirez (38257599),Jose Ramirez,38257599,3B,6100,CLE@KC 03/30/2025 02:10PM ET,CLE,10.36
SP,Trevor Williams (38258037),Trevor Williams,38258037,P,6000,PHI@WSH 03/30/2025 01:35PM ET,WSH,16.97
SP,Cade Cavalli (38258073),Cade Cavalli,38258073,P,6000,PHI@WSH 03/30/2025 01:35PM ET,WSH,0
SP,Josiah Gray (38258074),Josiah Gray,38258074,P,6000,PHI@WSH 03/30/2025 01:35PM ET,WSH,-0.62
RP,Jorge Lopez (38258075),Jorge Lopez,38258075,P,6000,PHI@WSH 03/30/2025 01:35PM ET,WSH,2.94
RP,Taijuan Walker (38258080),Taijuan Walker,38258080,P,6000,PHI@WSH 03/30/2025 01:35PM ET,PHI,5.06
RP,Martin Perez (38258038),Martin Perez,38258038,P,6000,LAA@CWS 03/30/2025 02:10PM ET,CWS,10.82
RP,Garrett McDaniels (38258039),Garrett McDaniels,38258039,P,6000,LAA@CWS 03/30/2025 02:10PM ET,LAA,0
SP,Reid Detmers (38258042),Reid Detmers,38258042,P,6000,LAA@CWS 03/30/2025 02:10PM ET,LAA,12.81
SP,Ky Bush (38258048),Ky Bush,38258048,P,6000,LAA@CWS 03/30/2025 02:10PM ET,CWS,4.39
SP,Drew Thorpe (38258049),Drew Thorpe,38258049,P,6000,LAA@CWS 03/30/2025 02:10PM ET,CWS,8.17
SP,Bryse Wilson (38258050),Bryse Wilson,38258050,P,6000,LAA@CWS 03/30/2025 02:10PM ET,CWS,7.16
SP,Mike Clevinger (38258062),Mike Clevinger,38258062,P,6000,LAA@CWS 03/30/2025 02:10PM ET,CWS,5.85
RP,Bowden Francis (38258033),Bowden Francis,38258033,P,6000,BAL@TOR 03/30/2025 01:37PM ET,TOR,11.54
SP,Alek Manoah (38258046),Alek Manoah,38258046,P,6000,BAL@TOR 03/30/2025 01:37PM ET,TOR,14.67
RP,Erik Swanson (38258047),Erik Swanson,38258047,P,6000,BAL@TOR 03/30/2025 01:37PM ET,TOR,2.13
SP,Trevor Rogers (38258063),Trevor Rogers,38258063,P,6000,BAL@TOR 03/30/2025 01:37PM ET,BAL,9.03
SP,Chayce McDermott (38258064),Chayce McDermott,38258064,P,6000,BAL@TOR 03/30/2025 01:37PM ET,BAL,4.8
SP,Tyler Wells (38258065),Tyler Wells,38258065,P,6000,BAL@TOR 03/30/2025 01:37PM ET,BAL,9.3
RP,Keegan Akin (38258066),Keegan Akin,38258066,P,6000,BAL@TOR 03/30/2025 01:37PM ET,BAL,4.18
RP,Albert Suarez (38258067),Albert Suarez,38258067,P,6000,BAL@TOR 03/30/2025 01:37PM ET,BAL,10.54
SP,Yariel Rodriguez (38258081),Yariel Rodriguez,38258081,P,6000,BAL@TOR 03/30/2025 01:37PM ET,TOR,10.06
RP,Chris Murphy (38258071),Chris Murphy,38258071,P,6000,BOS@TEX 03/30/2025 02:35PM ET,BOS,0
RP,Patrick Sandoval (38258072),Patrick Sandoval,38258072,P,6000,BOS@TEX 03/30/2025 02:35PM ET,BOS,11.43
SP,Cooper Criswell (38258079),Cooper Criswell,38258079,P,6000,BOS@TEX 03/30/2025 02:35PM ET,BOS,8.44
SP,Will Warren (38258029),Will Warren,38258029,P,6000,MIL@NYY 03/30/2025 01:35PM ET,NYY,5.1
SP,JT Brubaker (38258030),JT Brubaker,38258030,P,6000,MIL@NYY 03/30/2025 01:35PM ET,NYY,0
RP,Ryan Yarbrough (38258031),Ryan Yarbrough,38258031,P,6000,MIL@NYY 03/30/2025 01:35PM ET,NYY,5.31
SP,Carlos Carrasco (38258032),Carlos Carrasco,38258032,P,6000,MIL@NYY 03/30/2025 01:35PM ET,NYY,9.68
SP,DL Hall (38258058),DL Hall,38258058,P,6000,MIL@NYY 03/30/2025 01:35PM ET,MIL,7.10
SP,Robert Gasser (38258059),Robert Gasser,38258059,P,6000,MIL@NYY 03/30/2025 01:35PM ET,MIL,13.56
RP,Aaron Ashby (38258060),Aaron Ashby,38258060,P,6000,MIL@NYY 03/30/2025 01:35PM ET,MIL,6.05
RP,Jared Koenig (38258061),Jared Koenig,38258061,P,6000,MIL@NYY 03/30/2025 01:35PM ET,MIL,3.92
SP,Elvin Rodriguez (38258070),Elvin Rodriguez,38258070,P,6000,MIL@NYY 03/30/2025 01:35PM ET,MIL,0
RP,Mason Englert (38258028),Mason Englert,38258028,P,6000,COL@TB 03/30/2025 01:40PM ET,TB,3.45
RP,Austin Gomber (38258034),Austin Gomber,38258034,P,6000,COL@TB 03/30/2025 01:40PM ET,COL,10.64
SP,Bradley Blalock (38258035),Bradley Blalock,38258035,P,6000,COL@TB 03/30/2025 01:40PM ET,COL,5.63
SP,German Marquez (38258043),German Marquez,38258043,P,6000,COL@TB 03/30/2025 01:40PM ET,COL,3.6
SS,Elly De La Cruz (38257600),Elly De La Cruz,38257600,SS,6000,SF@CIN 03/30/2025 01:40PM ET,CIN,10.15
RP,Jordan Hicks (38258044),Jordan Hicks,38258044,P,6000,SF@CIN 03/30/2025 01:40PM ET,SF,8.76
RP,Spencer Bivens (38258045),Spencer Bivens,38258045,P,6000,SF@CIN 03/30/2025 01:40PM ET,SF,4.67
SP,Rhett Lowder (38258051),Rhett Lowder,38258051,P,6000,SF@CIN 03/30/2025 01:40PM ET,CIN,14.93
RP,Carson Spiers (38258052),Carson Spiers,38258052,P,6000,SF@CIN 03/30/2025 01:40PM ET,CIN,8.56
SP,Brandon Williamson (38258053),Brandon Williamson,38258053,P,6000,SF@CIN 03/30/2025 01:40PM ET,CIN,8.51
SP,Andrew Abbott (38258054),Andrew Abbott,38258054,P,6000,SF@CIN 03/30/2025 01:40PM ET,CIN,14.24
SP,Julian Aguiar (38258055),Julian Aguiar,38258055,P,6000,SF@CIN 03/30/2025 01:40PM ET,CIN,6.44
SP,Graham Ashcraft (38258076),Graham Ashcraft,38258076,P,6000,SF@CIN 03/30/2025 01:40PM ET,CIN,9.65
SP,Chris Paddack (38258036),Chris Paddack,38258036,P,6000,MIN@STL 03/30/2025 02:15PM ET,MIN,12.02
RP,Zack Thompson (38258056),Zack Thompson,38258056,P,6000,MIN@STL 03/30/2025 02:15PM ET,STL,4.49
RP,Matthew Liberatore (38258057),Matthew Liberatore,38258057,P,6000,MIN@STL 03/30/2025 02:15PM ET,STL,3.45
RP,Cole Sands (38258068),Cole Sands,38258068,P,6000,MIN@STL 03/30/2025 02:15PM ET,MIN,4.33
RP,Griffin Jax (38258069),Griffin Jax,38258069,P,6000,MIN@STL 03/30/2025 02:15PM ET,MIN,4.16
SP,Simeon Woods Richardson (38258077),Simeon Woods Richardson,38258077,P,6000,MIN@STL 03/30/2025 02:15PM ET,MIN,11.61
SP,Louie Varland (38258078),Louie Varland,38258078,P,6000,MIN@STL 03/30/2025 02:15PM ET,MIN,4.56
SP,Logan Allen (38258082),Logan Allen,38258082,P,6000,CLE@KC 03/30/2025 02:10PM ET,CLE,9.51
RP,Ross Stripling (38258083),Ross Stripling,38258083,P,6000,CLE@KC 03/30/2025 02:10PM ET,KC,4.76
RP,James McArthur (38258084),James McArthur,38258084,P,6000,CLE@KC 03/30/2025 02:10PM ET,KC,2.32
SP,Kyle Wright (38258085),Kyle Wright,38258085,P,6000,CLE@KC 03/30/2025 02:10PM ET,KC,0
RP,Sam Long (38258086),Sam Long,38258086,P,6000,CLE@KC 03/30/2025 02:10PM ET,KC,2.98
SP,Angel Zerpa (38258087),Angel Zerpa,38258087,P,6000,CLE@KC 03/30/2025 02:10PM ET,KC,2.38
SP,Daniel Lynch IV (38258088),Daniel Lynch IV,38258088,P,6000,CLE@KC 03/30/2025 02:10PM ET,KC,7.71
SP,Johan Oviedo (38258040),Johan Oviedo,38258040,P,6000,PIT@MIA 03/30/2025 01:40PM ET,PIT,0
RP,Joey Wentz (38258041),Joey Wentz,38258041,P,6000,PIT@MIA 03/30/2025 01:40PM ET,PIT,3.69
1B/OF,Kyle Schwarber (38257601),Kyle Schwarber,38257601,1B/OF,5900,PHI@WSH 03/30/2025 01:35PM ET,PHI,9.32
SS,Trea Turner (38257604),Trea Turner,38257604,SS,5800,PHI@WSH 03/30/2025 01:35PM ET,PHI,9.06
OF,Mike Trout (38257603),Mike Trout,38257603,OF,5800,LAA@CWS 03/30/2025 02:10PM ET,LAA,9.66
1B,Vladimir Guerrero Jr. (38257606),Vladimir Guerrero Jr.,38257606,1B,5700,BAL@TOR 03/30/2025 01:37PM ET,TOR,9.21
OF,Jackson Chourio (38257605),Jackson Chourio,38257605,OF,5700,MIL@NYY 03/30/2025 01:35PM ET,MIL,8.09
1B,Bryce Harper (38257610),Bryce Harper,38257610,1B,5600,PHI@WSH 03/30/2025 01:35PM ET,PHI,9.01
SS,Gunnar Henderson (38257890),Gunnar Henderson,38257890,SS,5600,BAL@TOR 03/30/2025 01:37PM ET,BAL,9.85
OF,Jarren Duran (38257609),Jarren Duran,38257609,OF,5600,BOS@TEX 03/30/2025 02:35PM ET,BOS,9.68
2B/3B,Jazz Chisholm Jr. (38257607),Jazz Chisholm Jr.,38257607,2B/3B,5600,MIL@NYY 03/30/2025 01:35PM ET,NYY,8.47
OF,Anthony Santander (38257611),Anthony Santander,38257611,OF,5500,BAL@TOR 03/30/2025 01:37PM ET,TOR,8.39
3B,Rafael Devers (38257613),Rafael Devers,38257613,3B,5500,BOS@TEX 03/30/2025 02:35PM ET,BOS,8.79
OF,Oneil Cruz (38257612),Oneil Cruz,38257612,OF,5500,PIT@MIA 03/30/2025 01:40PM ET,PIT,7.97
1B/OF,Cody Bellinger (38257614),Cody Bellinger,38257614,1B/OF,5400,MIL@NYY 03/30/2025 01:35PM ET,NYY,7.99
SS,Corey Seager (38257616),Corey Seager,38257616,SS,5300,BOS@TEX 03/30/2025 02:35PM ET,TEX,8.53
2B/3B,Alex Bregman (38257617),Alex Bregman,38257617,2B/3B,5300,BOS@TEX 03/30/2025 02:35PM ET,BOS,7.72
3B,Junior Caminero (38257619),Junior Caminero,38257619,3B,5200,COL@TB 03/30/2025 01:40PM ET,TB,6.70
OF,Bryan Reynolds (38257620),Bryan Reynolds,38257620,OF,5200,PIT@MIA 03/30/2025 01:40PM ET,PIT,8.11
SS,CJ Abrams (38257621),CJ Abrams,38257621,SS,5100,PHI@WSH 03/30/2025 01:35PM ET,WSH,8.56
2B/3B,Vinnie Pasquantino (38257622),Vinnie Pasquantino,38257622,2B/3B,5100,CLE@KC 03/30/2025 02:10PM ET,KC,7.51
3B,Alec Bohm (38257628),Alec Bohm,38257628,3B,5000,PHI@WSH 03/30/2025 01:35PM ET,PHI,7.54
OF,Tyler O'Neill (38257625),Tyler O'Neill,38257625,OF,5000,BAL@TOR 03/30/2025 01:37PM ET,BAL,8.50
OF,Christian Yelich (38257626),Christian Yelich,38257626,OF,5000,MIL@NYY 03/30/2025 01:35PM ET,MIL,10.03
2B,Matt McLain (38257627),Matt McLain,38257627,2B,5000,SF@CIN 03/30/2025 01:40PM ET,CIN,0
SS,Carlos Correa (38257624),Carlos Correa,38257624,SS,5000,MIN@STL 03/30/2025 02:15PM ET,MIN,8.71
OF,James Wood (38257629),James Wood,38257629,OF,4900,PHI@WSH 03/30/2025 01:35PM ET,WSH,8.39
C,Adley Rutschman (38257630),Adley Rutschman,38257630,C,4900,BAL@TOR 03/30/2025 01:37PM ET,BAL,6.87
OF,Taylor Ward (38257633),Taylor Ward,38257633,OF,4800,LAA@CWS 03/30/2025 02:10PM ET,LAA,7.28
OF,Colton Cowser (38257632),Colton Cowser,38257632,OF,4800,BAL@TOR 03/30/2025 01:37PM ET,BAL,6.79
C,William Contreras (38257631),William Contreras,38257631,C,4800,MIL@NYY 03/30/2025 01:35PM ET,MIL,8.51
3B,Luis Rengifo (38257635),Luis Rengifo,38257635,3B,4700,LAA@CWS 03/30/2025 02:10PM ET,LAA,8.08
1B,Paul Goldschmidt (38257634),Paul Goldschmidt,38257634,1B,4700,MIL@NYY 03/30/2025 01:35PM ET,NYY,7.03
SS,Willy Adames (38257636),Willy Adames,38257636,SS,4700,SF@CIN 03/30/2025 01:40PM ET,SF,8.71
C,Salvador Perez (38257637),Salvador Perez,38257637,C,4700,CLE@KC 03/30/2025 02:10PM ET,KC,7.24
OF,Nick Castellanos (38257639),Nick Castellanos,38257639,OF,4600,PHI@WSH 03/30/2025 01:35PM ET,PHI,7.27
OF,Jorge Soler (38257642),Jorge Soler,38257642,OF,4600,LAA@CWS 03/30/2025 02:10PM ET,LAA,7.26
2B/3B,Jordan Westburg (38257640),Jordan Westburg,38257640,2B/3B,4600,BAL@TOR 03/30/2025 01:37PM ET,BAL,7.94
SS,Bo Bichette (38257643),Bo Bichette,38257643,SS,4600,BAL@TOR 03/30/2025 01:37PM ET,TOR,5.75
OF,Brenton Doyle (38257638),Brenton Doyle,38257638,OF,4600,COL@TB 03/30/2025 01:40PM ET,COL,8.11
3B,Royce Lewis (38257891),Royce Lewis,38257891,3B,4600,MIN@STL 03/30/2025 02:15PM ET,MIN,7.01
2B/3B,Jonathan India (38257644),Jonathan India,38257644,2B/3B,4600,CLE@KC 03/30/2025 02:10PM ET,KC,7.32
C,J.T. Realmuto (38257652),J.T. Realmuto,38257652,C,4500,PHI@WSH 03/30/2025 01:35PM ET,PHI,7.03
OF,Adolis Garcia (38257646),Adolis Garcia,38257646,OF,4500,BOS@TEX 03/30/2025 02:35PM ET,TEX,7.03
2B,Marcus Semien (38257647),Marcus Semien,38257647,2B,4500,BOS@TEX 03/30/2025 02:35PM ET,TEX,7.62
1B,Yandy Diaz (38257648),Yandy Diaz,38257648,1B,4500,COL@TB 03/30/2025 01:40PM ET,TB,6.81
SS,Ezequiel Tovar (38257650),Ezequiel Tovar,38257650,SS,4500,COL@TB 03/30/2025 01:40PM ET,COL,7.81
3B,Matt Chapman (38257651),Matt Chapman,38257651,3B,4500,SF@CIN 03/30/2025 01:40PM ET,SF,8.25
OF,Byron Buxton (38257649),Byron Buxton,38257649,OF,4500,MIN@STL 03/30/2025 02:15PM ET,MIN,8.09
OF,Luis Robert Jr. (38257653),Luis Robert Jr.,38257653,OF,4400,LAA@CWS 03/30/2025 02:10PM ET,CWS,7.44
OF,Jasson Dominguez (38257654),Jasson Dominguez,38257654,OF,4400,MIL@NYY 03/30/2025 01:35PM ET,NYY,5.67
OF,Josh Lowe (38257655),Josh Lowe,38257655,OF,4400,COL@TB 03/30/2025 01:40PM ET,TB,6.64
OF,Wyatt Langford (38257656),Wyatt Langford,38257656,OF,4300,BOS@TEX 03/30/2025 02:35PM ET,TEX,7.92
2B,Brandon Lowe (38257660),Brandon Lowe,38257660,2B,4300,COL@TB 03/30/2025 01:40PM ET,TB,7.58
3B,Jeimer Candelario (38257657),Jeimer Candelario,38257657,3B,4300,SF@CIN 03/30/2025 01:40PM ET,CIN,6.93
1B,Willson Contreras (38257658),Willson Contreras,38257658,1B,4300,MIN@STL 03/30/2025 02:15PM ET,STL,8.07
OF,Steven Kwan (38257659),Steven Kwan,38257659,OF,4300,CLE@KC 03/30/2025 02:10PM ET,CLE,8.26
2B/3B,Yoan Moncada (38257662),Yoan Moncada,38257662,2B/3B,4200,LAA@CWS 03/30/2025 02:10PM ET,LAA,5.58
C,Austin Wells (38257665),Austin Wells,38257665,C,4200,MIL@NYY 03/30/2025 01:35PM ET,NYY,5.74
3B,Ryan McMahon (38257667),Ryan McMahon,38257667,3B,4200,COL@TB 03/30/2025 01:40PM ET,COL,6.78
OF,TJ Friedl (38257664),TJ Friedl,38257664,OF,4200,SF@CIN 03/30/2025 01:40PM ET,CIN,7.12
OF,Matt Wallner (38257661),Matt Wallner,38257661,OF,4200,MIN@STL 03/30/2025 02:15PM ET,MIN,6.96
SS,Xavier Edwards (38257666),Xavier Edwards,38257666,SS,4200,PIT@MIA 03/30/2025 01:40PM ET,MIA,9.54
2B/SS,Jackson Holliday (38257668),Jackson Holliday,38257668,2B/SS,4100,BAL@TOR 03/30/2025 01:37PM ET,BAL,5.28
OF,Joc Pederson (38257670),Joc Pederson,38257670,OF,4100,BOS@TEX 03/30/2025 02:35PM ET,TEX,7.09
SS,Trevor Story (38257674),Trevor Story,38257674,SS,4100,BOS@TEX 03/30/2025 02:35PM ET,BOS,7.31
2B,Brice Turang (38257671),Brice Turang,38257671,2B,4100,MIL@NYY 03/30/2025 01:35PM ET,MIL,7.56
SS,Anthony Volpe (38257673),Anthony Volpe,38257673,SS,4100,MIL@NYY 03/30/2025 01:35PM ET,NYY,7.48
OF,Lane Thomas (38257672),Lane Thomas,38257672,OF,4100,CLE@KC 03/30/2025 02:10PM ET,CLE,7.94
2B,Michael Massey (38257675),Michael Massey,38257675,2B,4100,CLE@KC 03/30/2025 02:10PM ET,KC,6.20
RP,Orlando Ribalta (38258109),Orlando Ribalta,38258109,P,4000,PHI@WSH 03/30/2025 01:35PM ET,WSH,-1.08
RP,Jordan Romano (38258138),Jordan Romano,38258138,P,4000,PHI@WSH 03/30/2025 01:35PM ET,PHI,1.88
RP,Kyle Finnegan (38258159),Kyle Finnegan,38258159,P,4000,PHI@WSH 03/30/2025 01:35PM ET,WSH,2.66
RP,Tanner Banks (38258167),Tanner Banks,38258167,P,4000,PHI@WSH 03/30/2025 01:35PM ET,PHI,3.20
RP,Jose A. Ferrer (38258171),Jose A. Ferrer,38258171,P,4000,PHI@WSH 03/30/2025 01:35PM ET,WSH,2.61
RP,Zach Brzykcy (38258178),Zach Brzykcy,38258178,P,4000,PHI@WSH 03/30/2025 01:35PM ET,WSH,-0.74
RP,Derek Law (38258190),Derek Law,38258190,P,4000,PHI@WSH 03/30/2025 01:35PM ET,WSH,3.55
RP,Lucas Sims (38258206),Lucas Sims,38258206,P,4000,PHI@WSH 03/30/2025 01:35PM ET,WSH,2.09
RP,Matt Strahm (38258209),Matt Strahm,38258209,P,4000,PHI@WSH 03/30/2025 01:35PM ET,PHI,3.79
RP,Jose Alvarado (38258210),Jose Alvarado,38258210,P,4000,PHI@WSH 03/30/2025 01:35PM ET,PHI,2.50
SP,Mason Thompson (38258211),Mason Thompson,38258211,P,4000,PHI@WSH 03/30/2025 01:35PM ET,WSH,0
RP,Eduardo Salazar (38258220),Eduardo Salazar,38258220,P,4000,PHI@WSH 03/30/2025 01:35PM ET,WSH,2.79
RP,Colin Poche (38258231),Colin Poche,38258231,P,4000,PHI@WSH 03/30/2025 01:35PM ET,WSH,2.24
RP,Jose Ruiz (38258238),Jose Ruiz,38258238,P,4000,PHI@WSH 03/30/2025 01:35PM ET,PHI,2.85
RP,Orion Kerkering (38258243),Orion Kerkering,38258243,P,4000,PHI@WSH 03/30/2025 01:35PM ET,PHI,3.6
RP,Brad Lord (38258255),Brad Lord,38258255,P,4000,PHI@WSH 03/30/2025 01:35PM ET,WSH,0
SP,Mike Vasil (38258089),Mike Vasil,38258089,P,4000,LAA@CWS 03/30/2025 02:10PM ET,CWS,0
RP,Jesse Scholtens (38258093),Jesse Scholtens,38258093,P,4000,LAA@CWS 03/30/2025 02:10PM ET,CWS,0
RP,Prelander Berroa (38258094),Prelander Berroa,38258094,P,4000,LAA@CWS 03/30/2025 02:10PM ET,CWS,3.96
RP,Brandon Eisert (38258100),Brandon Eisert,38258100,P,4000,LAA@CWS 03/30/2025 02:10PM ET,CWS,2.53
RP,Shane Smith (38258105),Shane Smith,38258105,P,4000,LAA@CWS 03/30/2025 02:10PM ET,CWS,0
RP,Dan Altavilla (38258113),Dan Altavilla,38258113,P,4000,LAA@CWS 03/30/2025 02:10PM ET,CWS,0.17
RP,Kenley Jansen (38258117),Kenley Jansen,38258117,P,4000,LAA@CWS 03/30/2025 02:10PM ET,LAA,3.47
RP,Fraser Ellard (38258129),Fraser Ellard,38258129,P,4000,LAA@CWS 03/30/2025 02:10PM ET,CWS,3.02
RP,Ryan Zeferjahn (38258131),Ryan Zeferjahn,38258131,P,4000,LAA@CWS 03/30/2025 02:10PM ET,LAA,4.77
SP,Ian Anderson (38258134),Ian Anderson,38258134,P,4000,LAA@CWS 03/30/2025 02:10PM ET,LAA,0
RP,Sam Bachman (38258148),Sam Bachman,38258148,P,4000,LAA@CWS 03/30/2025 02:10PM ET,LAA,0
RP,Jordan Leasure (38258198),Jordan Leasure,38258198,P,4000,LAA@CWS 03/30/2025 02:10PM ET,CWS,1.45
RP,Tyler Gilbert (38258216),Tyler Gilbert,38258216,P,4000,LAA@CWS 03/30/2025 02:10PM ET,CWS,2.16
RP,Brock Burke (38258224),Brock Burke,38258224,P,4000,LAA@CWS 03/30/2025 02:10PM ET,LAA,2.62
RP,Penn Murfee (38258230),Penn Murfee,38258230,P,4000,LAA@CWS 03/30/2025 02:10PM ET,CWS,0
RP,Ben Joyce (38258236),Ben Joyce,38258236,P,4000,LAA@CWS 03/30/2025 02:10PM ET,LAA,3.54
RP,Cam Booser (38258240),Cam Booser,38258240,P,4000,LAA@CWS 03/30/2025 02:10PM ET,CWS,2.89
RP,Robert Stephenson (38258241),Robert Stephenson,38258241,P,4000,LAA@CWS 03/30/2025 02:10PM ET,LAA,0
RP,Ryan Johnson (38258256),Ryan Johnson,38258256,P,4000,LAA@CWS 03/30/2025 02:10PM ET,LAA,0
OF,Cedric Mullins (38257679),Cedric Mullins,38257679,OF,4000,BAL@TOR 03/30/2025 01:37PM ET,BAL,6.74
OF,George Springer (38257681),George Springer,38257681,OF,4000,BAL@TOR 03/30/2025 01:37PM ET,TOR,7.02
SP,Angel Bastardo (38258090),Angel Bastardo,38258090,P,4000,BAL@TOR 03/30/2025 01:37PM ET,TOR,0
RP,Felix Bautista (38258118),Felix Bautista,38258118,P,4000,BAL@TOR 03/30/2025 01:37PM ET,BAL,0
RP,Nick Sandlin (38258141),Nick Sandlin,38258141,P,4000,BAL@TOR 03/30/2025 01:37PM ET,TOR,2.98
RP,Jacob Barnes (38258142),Jacob Barnes,38258142,P,4000,BAL@TOR 03/30/2025 01:37PM ET,TOR,2.76
RP,Cionel Perez (38258154),Cionel Perez,38258154,P,4000,BAL@TOR 03/30/2025 01:37PM ET,BAL,1.88
RP,Seranthony Dominguez (38258172),Seranthony Dominguez,38258172,P,4000,BAL@TOR 03/30/2025 01:37PM ET,BAL,2.84
RP,Bryan Baker (38258175),Bryan Baker,38258175,P,4000,BAL@TOR 03/30/2025 01:37PM ET,BAL,3.17
RP,Brendon Little (38258179),Brendon Little,38258179,P,4000,BAL@TOR 03/30/2025 01:37PM ET,TOR,2.13
RP,Andrew Kittredge (38258188),Andrew Kittredge,38258188,P,4000,BAL@TOR 03/30/2025 01:37PM ET,BAL,2.99
RP,Jeff Hoffman (38258212),Jeff Hoffman,38258212,P,4000,BAL@TOR 03/30/2025 01:37PM ET,TOR,3.67
RP,Richard Lovelady (38258215),Richard Lovelady,38258215,P,4000,BAL@TOR 03/30/2025 01:37PM ET,TOR,2.26
RP,Gregory Soto (38258222),Gregory Soto,38258222,P,4000,BAL@TOR 03/30/2025 01:37PM ET,BAL,2.35
RP,Yimi Garcia (38258242),Yimi Garcia,38258242,P,4000,BAL@TOR 03/30/2025 01:37PM ET,TOR,3.73
RP,Yennier Cano (38258245),Yennier Cano,38258245,P,4000,BAL@TOR 03/30/2025 01:37PM ET,BAL,2.74
RP,Ryan Burr (38258247),Ryan Burr,38258247,P,4000,BAL@TOR 03/30/2025 01:37PM ET,TOR,3.30
RP,Chad Green (38258249),Chad Green,38258249,P,4000,BAL@TOR 03/30/2025 01:37PM ET,TOR,2.94
1B,Jake Burger (38257676),Jake Burger,38257676,1B,4000,BOS@TEX 03/30/2025 02:35PM ET,TEX,7.51
1B,Triston Casas (38257685),Triston Casas,38257685,1B,4000,BOS@TEX 03/30/2025 02:35PM ET,BOS,7.02
RP,Adam Ottavino (38258121),Adam Ottavino,38258121,P,4000,BOS@TEX 03/30/2025 02:35PM ET,BOS,2.88
RP,Zack Kelly (38258122),Zack Kelly,38258122,P,4000,BOS@TEX 03/30/2025 02:35PM ET,BOS,3.67
RP,Liam Hendriks (38258124),Liam Hendriks,38258124,P,4000,BOS@TEX 03/30/2025 02:35PM ET,BOS,0
RP,Sean Newcomb (38258125),Sean Newcomb,38258125,P,4000,BOS@TEX 03/30/2025 02:35PM ET,BOS,2.24
RP,Justin Wilson (38258133),Justin Wilson,38258133,P,4000,BOS@TEX 03/30/2025 02:35PM ET,BOS,1.85
RP,Zach Penrod (38258139),Zach Penrod,38258139,P,4000,BOS@TEX 03/30/2025 02:35PM ET,BOS,1.17
RP,Marc Church (38258140),Marc Church,38258140,P,4000,BOS@TEX 03/30/2025 02:35PM ET,TEX,3.65
RP,Aroldis Chapman (38258143),Aroldis Chapman,38258143,P,4000,BOS@TEX 03/30/2025 02:35PM ET,BOS,3.70
RP,Shawn Armstrong (38258151),Shawn Armstrong,38258151,P,4000,BOS@TEX 03/30/2025 02:35PM ET,TEX,2.8
RP,Chris Martin (38258153),Chris Martin,38258153,P,4000,BOS@TEX 03/30/2025 02:35PM ET,TEX,3.24
RP,Hoby Milner (38258166),Hoby Milner,38258166,P,4000,BOS@TEX 03/30/2025 02:35PM ET,TEX,2.92
RP,Josh Sborz (38258169),Josh Sborz,38258169,P,4000,BOS@TEX 03/30/2025 02:35PM ET,TEX,3.10
RP,Brennan Bernardino (38258182),Brennan Bernardino,38258182,P,4000,BOS@TEX 03/30/2025 02:35PM ET,BOS,2.58
RP,Justin Slaten (38258191),Justin Slaten,38258191,P,4000,BOS@TEX 03/30/2025 02:35PM ET,BOS,4.46
RP,Jacob Webb (38258194),Jacob Webb,38258194,P,4000,BOS@TEX 03/30/2025 02:35PM ET,TEX,2.90
RP,Greg Weissert (38258204),Greg Weissert,38258204,P,4000,BOS@TEX 03/30/2025 02:35PM ET,BOS,2.90
RP,Robert Garcia (38258207),Robert Garcia,38258207,P,4000,BOS@TEX 03/30/2025 02:35PM ET,TEX,2.74
RP,Luke Jackson (38258214),Luke Jackson,38258214,P,4000,BOS@TEX 03/30/2025 02:35PM ET,TEX,2.85
RP,Gerson Garabito (38258228),Gerson Garabito,38258228,P,4000,BOS@TEX 03/30/2025 02:35PM ET,TEX,2.67
RP,Garrett Whitlock (38258232),Garrett Whitlock,38258232,P,4000,BOS@TEX 03/30/2025 02:35PM ET,BOS,14.51
1B,Rhys Hoskins (38257680),Rhys Hoskins,38257680,1B,4000,MIL@NYY 03/30/2025 01:35PM ET,MIL,6.84
OF,Giancarlo Stanton (38257892),Giancarlo Stanton,38257892,OF,4000,MIL@NYY 03/30/2025 01:35PM ET,NYY,7.88
SP,Chad Patrick (38258092),Chad Patrick,38258092,P,4000,MIL@NYY 03/30/2025 01:35PM ET,MIL,0
RP,Elvis Peguero (38258097),Elvis Peguero,38258097,P,4000,MIL@NYY 03/30/2025 01:35PM ET,MIL,2.98
RP,Brent Headrick (38258104),Brent Headrick,38258104,P,4000,MIL@NYY 03/30/2025 01:35PM ET,NYY,12.35
RP,Ian Hamilton (38258116),Ian Hamilton,38258116,P,4000,MIL@NYY 03/30/2025 01:35PM ET,NYY,2.94
RP,Trevor Megill (38258128),Trevor Megill,38258128,P,4000,MIL@NYY 03/30/2025 01:35PM ET,MIL,3.28
RP,Fernando Cruz (38258137),Fernando Cruz,38258137,P,4000,MIL@NYY 03/30/2025 01:35PM ET,NYY,3.68
RP,Bryan Hudson (38258156),Bryan Hudson,38258156,P,4000,MIL@NYY 03/30/2025 01:35PM ET,MIL,5.48
RP,Mark Leiter Jr. (38258158),Mark Leiter Jr.,38258158,P,4000,MIL@NYY 03/30/2025 01:35PM ET,NYY,3.51
RP,Scott Effross (38258165),Scott Effross,38258165,P,4000,MIL@NYY 03/30/2025 01:35PM ET,NYY,1.5
SP,Connor Thomas (38258174),Connor Thomas,38258174,P,4000,MIL@NYY 03/30/2025 01:35PM ET,MIL,0
RP,Luke Weaver (38258184),Luke Weaver,38258184,P,4000,MIL@NYY 03/30/2025 01:35PM ET,NYY,5.11
RP,Joel Payamps (38258192),Joel Payamps,38258192,P,4000,MIL@NYY 03/30/2025 01:35PM ET,MIL,2.62
RP,Clayton Beeter (38258196),Clayton Beeter,38258196,P,4000,MIL@NYY 03/30/2025 01:35PM ET,NYY,3.75
RP,Jake Cousins (38258208),Jake Cousins,38258208,P,4000,MIL@NYY 03/30/2025 01:35PM ET,NYY,3.75
RP,Jonathan Loaisiga (38258217),Jonathan Loaisiga,38258217,P,4000,MIL@NYY 03/30/2025 01:35PM ET,NYY,4.73
RP,Abner Uribe (38258218),Abner Uribe,38258218,P,4000,MIL@NYY 03/30/2025 01:35PM ET,MIL,2.15
RP,Tyler Alexander (38258219),Tyler Alexander,38258219,P,4000,MIL@NYY 03/30/2025 01:35PM ET,MIL,10.47
RP,Nick Mears (38258225),Nick Mears,38258225,P,4000,MIL@NYY 03/30/2025 01:35PM ET,MIL,3
RP,Tim Hill (38258229),Tim Hill,38258229,P,4000,MIL@NYY 03/30/2025 01:35PM ET,NYY,1.92
RP,Yoendrys Gomez (38258250),Yoendrys Gomez,38258250,P,4000,MIL@NYY 03/30/2025 01:35PM ET,NYY,4.82
RP,Devin Williams (38258252),Devin Williams,38258252,P,4000,MIL@NYY 03/30/2025 01:35PM ET,NYY,4.32
1B,Michael Toglia (38257682),Michael Toglia,38257682,1B,4000,COL@TB 03/30/2025 01:40PM ET,COL,7.53
RP,Nate Lavender (38258091),Nate Lavender,38258091,P,4000,COL@TB 03/30/2025 01:40PM ET,TB,0
RP,Pete Fairbanks (38258095),Pete Fairbanks,38258095,P,4000,COL@TB 03/30/2025 01:40PM ET,TB,2.92
RP,Tyler Kinley (38258099),Tyler Kinley,38258099,P,4000,COL@TB 03/30/2025 01:40PM ET,COL,2.48
RP,Victor Vodnik (38258101),Victor Vodnik,38258101,P,4000,COL@TB 03/30/2025 01:40PM ET,COL,2.81
RP,Scott Alexander (38258103),Scott Alexander,38258103,P,4000,COL@TB 03/30/2025 01:40PM ET,COL,2.27
RP,Jimmy Herget (38258106),Jimmy Herget,38258106,P,4000,COL@TB 03/30/2025 01:40PM ET,COL,4.52
RP,Angel Chivilli (38258110),Angel Chivilli,38258110,P,4000,COL@TB 03/30/2025 01:40PM ET,COL,2.60
RP,Luis Peralta (38258112),Luis Peralta,38258112,P,4000,COL@TB 03/30/2025 01:40PM ET,COL,3.02
RP,Manuel Rodriguez (38258114),Manuel Rodriguez,38258114,P,4000,COL@TB 03/30/2025 01:40PM ET,TB,2.99
RP,Mason Montgomery (38258115),Mason Montgomery,38258115,P,4000,COL@TB 03/30/2025 01:40PM ET,TB,5.02
RP,Edwin Uceta (38258119),Edwin Uceta,38258119,P,4000,COL@TB 03/30/2025 01:40PM ET,TB,6.02
RP,Jake Bird (38258127),Jake Bird,38258127,P,4000,COL@TB 03/30/2025 01:40PM ET,COL,2.19
RP,Seth Halvorsen (38258130),Seth Halvorsen,38258130,P,4000,COL@TB 03/30/2025 01:40PM ET,COL,4.26
RP,Hunter Bigge (38258135),Hunter Bigge,38258135,P,4000,COL@TB 03/30/2025 01:40PM ET,TB,3.36
RP,Garrett Cleavinger (38258144),Garrett Cleavinger,38258144,P,4000,COL@TB 03/30/2025 01:40PM ET,TB,2.96
RP,Kevin Kelly (38258160),Kevin Kelly,38258160,P,4000,COL@TB 03/30/2025 01:40PM ET,TB,3.22
RP,Tommy Doyle (38258162),Tommy Doyle,38258162,P,4000,COL@TB 03/30/2025 01:40PM ET,COL,0
RP,Jake Brentz (38258199),Jake Brentz,38258199,P,4000,COL@TB 03/30/2025 01:40PM ET,TB,0
RP,Jeff Criswell (38258221),Jeff Criswell,38258221,P,4000,COL@TB 03/30/2025 01:40PM ET,COL,5.56
OF,Spencer Steer (38257678),Spencer Steer,38257678,OF,4000,SF@CIN 03/30/2025 01:40PM ET,CIN,7.82
1B,LaMonte Wade Jr. (38257683),LaMonte Wade Jr.,38257683,1B,4000,SF@CIN 03/30/2025 01:40PM ET,SF,5.52
RP,Brent Suter (38258111),Brent Suter,38258111,P,4000,SF@CIN 03/30/2025 01:40PM ET,CIN,3.38
RP,Camilo Doval (38258123),Camilo Doval,38258123,P,4000,SF@CIN 03/30/2025 01:40PM ET,SF,3.03
RP,Scott Barlow (38258145),Scott Barlow,38258145,P,4000,SF@CIN 03/30/2025 01:40PM ET,CIN,2.74
RP,Emilio Pagan (38258147),Emilio Pagan,38258147,P,4000,SF@CIN 03/30/2025 01:40PM ET,CIN,3.18
RP,Erik Miller (38258149),Erik Miller,38258149,P,4000,SF@CIN 03/30/2025 01:40PM ET,SF,3.19
RP,Tyler Rogers (38258155),Tyler Rogers,38258155,P,4000,SF@CIN 03/30/2025 01:40PM ET,SF,2.31
RP,Sam Moll (38258170),Sam Moll,38258170,P,4000,SF@CIN 03/30/2025 01:40PM ET,CIN,2.48
RP,Alexis Diaz (38258173),Alexis Diaz,38258173,P,4000,SF@CIN 03/30/2025 01:40PM ET,CIN,2.46
RP,Ian Gibaut (38258186),Ian Gibaut,38258186,P,4000,SF@CIN 03/30/2025 01:40PM ET,CIN,1.05
RP,Taylor Rogers (38258189),Taylor Rogers,38258189,P,4000,SF@CIN 03/30/2025 01:40PM ET,CIN,2.95
RP,Randy Rodriguez (38258203),Randy Rodriguez,38258203,P,4000,SF@CIN 03/30/2025 01:40PM ET,SF,4.14
RP,Lou Trivino (38258205),Lou Trivino,38258205,P,4000,SF@CIN 03/30/2025 01:40PM ET,SF,0
SP,Tony Santillan (38258223),Tony Santillan,38258223,P,4000,SF@CIN 03/30/2025 01:40PM ET,CIN,4.60
RP,Ryan Walker (38258254),Ryan Walker,38258254,P,4000,SF@CIN 03/30/2025 01:40PM ET,SF,4.44
C,Ryan Jeffers (38257677),Ryan Jeffers,38257677,C,4000,MIN@STL 03/30/2025 02:15PM ET,MIN,6.66
SP,Jhoan Duran (38258096),Jhoan Duran,38258096,P,4000,MIN@STL 03/30/2025 02:15PM ET,MIN,3.32
RP,Jorge Alcala (38258126),Jorge Alcala,38258126,P,4000,MIN@STL 03/30/2025 02:15PM ET,MIN,3.40
RP,Danny Coulombe (38258132),Danny Coulombe,38258132,P,4000,MIN@STL 03/30/2025 02:15PM ET,MIN,3.28
RP,JoJo Romero (38258136),JoJo Romero,38258136,P,4000,MIN@STL 03/30/2025 02:15PM ET,STL,2.69
RP,Chris Roycroft (38258157),Chris Roycroft,38258157,P,4000,MIN@STL 03/30/2025 02:15PM ET,STL,3.11
RP,Ryan Fernandez (38258163),Ryan Fernandez,38258163,P,4000,MIN@STL 03/30/2025 02:15PM ET,STL,3.04
RP,Justin Topa (38258168),Justin Topa,38258168,P,4000,MIN@STL 03/30/2025 02:15PM ET,MIN,2.88
RP,Brock Stewart (38258177),Brock Stewart,38258177,P,4000,MIN@STL 03/30/2025 02:15PM ET,MIN,2.72
RP,Phil Maton (38258183),Phil Maton,38258183,P,4000,MIN@STL 03/30/2025 02:15PM ET,STL,2.35
RP,Kyle Leahy (38258195),Kyle Leahy,38258195,P,4000,MIN@STL 03/30/2025 02:15PM ET,STL,3.18
RP,John King (38258202),John King,38258202,P,4000,MIN@STL 03/30/2025 02:15PM ET,STL,2.52
RP,Randy Dobnak (38258226),Randy Dobnak,38258226,P,4000,MIN@STL 03/30/2025 02:15PM ET,MIN,2.83
RP,Michael Tonkin (38258233),Michael Tonkin,38258233,P,4000,MIN@STL 03/30/2025 02:15PM ET,MIN,4.14
RP,Ryan Helsley (38258253),Ryan Helsley,38258253,P,4000,MIN@STL 03/30/2025 02:15PM ET,STL,4.02
1B,Kyle Manzardo (38257684),Kyle Manzardo,38257684,1B,4000,CLE@KC 03/30/2025 02:10PM ET,CLE,4.32
RP,Chris Stratton (38258120),Chris Stratton,38258120,P,4000,CLE@KC 03/30/2025 02:10PM ET,KC,1.92
RP,Sam Hentges (38258150),Sam Hentges,38258150,P,4000,CLE@KC 03/30/2025 02:10PM ET,CLE,3.10
RP,Carlos Estevez (38258161),Carlos Estevez,38258161,P,4000,CLE@KC 03/30/2025 02:10PM ET,KC,3.32
RP,Erik Sabrowski (38258164),Erik Sabrowski,38258164,P,4000,CLE@KC 03/30/2025 02:10PM ET,CLE,6.33
RP,Cade Smith (38258180),Cade Smith,38258180,P,4000,CLE@KC 03/30/2025 02:10PM ET,CLE,4.47
RP,Hunter Harvey (38258187),Hunter Harvey,38258187,P,4000,CLE@KC 03/30/2025 02:10PM ET,KC,2.83
RP,Tim Herrin (38258193),Tim Herrin,38258193,P,4000,CLE@KC 03/30/2025 02:10PM ET,CLE,3.10
RP,Hunter Gaddis (38258200),Hunter Gaddis,38258200,P,4000,CLE@KC 03/30/2025 02:10PM ET,CLE,3.37
RP,Lucas Erceg (38258227),Lucas Erceg,38258227,P,4000,CLE@KC 03/30/2025 02:10PM ET,KC,3.32
RP,Paul Sewald (38258244),Paul Sewald,38258244,P,4000,CLE@KC 03/30/2025 02:10PM ET,CLE,2.68
SP,Trevor Stephan (38258246),Trevor Stephan,38258246,P,4000,CLE@KC 03/30/2025 02:10PM ET,CLE,0
RP,John Schreiber (38258248),John Schreiber,38258248,P,4000,CLE@KC 03/30/2025 02:10PM ET,KC,2.39
RP,Emmanuel Clase (38258251),Emmanuel Clase,38258251,P,4000,CLE@KC 03/30/2025 02:10PM ET,CLE,3.52
RP,Justin Lawrence (38258098),Justin Lawrence,38258098,P,4000,PIT@MIA 03/30/2025 01:40PM ET,PIT,1.54
RP,Tim Mayza (38258102),Tim Mayza,38258102,P,4000,PIT@MIA 03/30/2025 01:40PM ET,PIT,1.04
RP,Declan Cronin (38258107),Declan Cronin,38258107,P,4000,PIT@MIA 03/30/2025 01:40PM ET,MIA,3.28
RP,Anthony Bender (38258108),Anthony Bender,38258108,P,4000,PIT@MIA 03/30/2025 01:40PM ET,MIA,2.81
RP,Carmen Mlodzinski (38258146),Carmen Mlodzinski,38258146,P,4000,PIT@MIA 03/30/2025 01:40PM ET,PIT,3.77
RP,Lake Bachar (38258152),Lake Bachar,38258152,P,4000,PIT@MIA 03/30/2025 01:40PM ET,MIA,2.66
RP,Ronny Henriquez (38258176),Ronny Henriquez,38258176,P,4000,PIT@MIA 03/30/2025 01:40PM ET,MIA,2.96
RP,Dennis Santana (38258181),Dennis Santana,38258181,P,4000,PIT@MIA 03/30/2025 01:40PM ET,PIT,3.23
RP,Dauri Moreta (38258185),Dauri Moreta,38258185,P,4000,PIT@MIA 03/30/2025 01:40PM ET,PIT,0
RP,Andrew Nardi (38258197),Andrew Nardi,38258197,P,4000,PIT@MIA 03/30/2025 01:40PM ET,MIA,2.88
RP,Caleb Ferguson (38258201),Caleb Ferguson,38258201,P,4000,PIT@MIA 03/30/2025 01:40PM ET,PIT,2.44
RP,Colin Holderman (38258213),Colin Holderman,38258213,P,4000,PIT@MIA 03/30/2025 01:40PM ET,PIT,2.92
RP,Jesus Tinoco (38258234),Jesus Tinoco,38258234,P,4000,PIT@MIA 03/30/2025 01:40PM ET,MIA,3.88
RP,George Soriano (38258235),George Soriano,38258235,P,4000,PIT@MIA 03/30/2025 01:40PM ET,MIA,2.62
RP,David Bednar (38258237),David Bednar,38258237,P,4000,PIT@MIA 03/30/2025 01:40PM ET,PIT,2.14
RP,Ryan Borucki (38258239),Ryan Borucki,38258239,P,4000,PIT@MIA 03/30/2025 01:40PM ET,PIT,1.52
2B,Bryson Stott (38257689),Bryson Stott,38257689,2B,3900,PHI@WSH 03/30/2025 01:35PM ET,PHI,6.80
OF,Jo Adell (38257688),Jo Adell,38257688,OF,3900,LAA@CWS 03/30/2025 02:10PM ET,LAA,6.33
1B,Ryan Mountcastle (38257686),Ryan Mountcastle,38257686,1B,3900,BAL@TOR 03/30/2025 01:37PM ET,BAL,6.75
2B,Andres Gimenez (38257690),Andres Gimenez,38257690,2B,3900,BAL@TOR 03/30/2025 01:37PM ET,TOR,6.69
C/OF,Daulton Varsho (38257893),Daulton Varsho,38257893,C/OF,3900,BAL@TOR 03/30/2025 01:37PM ET,TOR,6.71
3B,Jose Miranda (38257687),Jose Miranda,38257687,3B,3900,MIN@STL 03/30/2025 02:15PM ET,MIN,5.99
OF,Andrew McCutchen (38257691),Andrew McCutchen,38257691,OF,3900,PIT@MIA 03/30/2025 01:40PM ET,PIT,7.25
OF,Tommy Pham (38257692),Tommy Pham,38257692,OF,3900,PIT@MIA 03/30/2025 01:40PM ET,PIT,6.21
OF,Dylan Crews (38257693),Dylan Crews,38257693,OF,3800,PHI@WSH 03/30/2025 01:35PM ET,WSH,7.68
OF,Max Kepler (38257696),Max Kepler,38257696,OF,3800,PHI@WSH 03/30/2025 01:35PM ET,PHI,5.82
1B,Andrew Vaughn (38257695),Andrew Vaughn,38257695,1B,3800,LAA@CWS 03/30/2025 02:10PM ET,CWS,6.48
1B,Nolan Schanuel (38257698),Nolan Schanuel,38257698,1B,3800,LAA@CWS 03/30/2025 02:10PM ET,LAA,6.50
2B/3B,Ha-Seong Kim (38257898),Ha-Seong Kim,38257898,2B/3B,3800,COL@TB 03/30/2025 01:40PM ET,TB,7.02
OF,Jung Hoo Lee (38257697),Jung Hoo Lee,38257697,OF,3800,SF@CIN 03/30/2025 01:40PM ET,SF,5.78
C,Tyler Stephenson (38257897),Tyler Stephenson,38257897,C,3800,SF@CIN 03/30/2025 01:40PM ET,CIN,6.76
SS,Masyn Winn (38257694),Masyn Winn,38257694,SS,3800,MIN@STL 03/30/2025 02:15PM ET,STL,7.21
2B/SS,Brooks Lee (38257895),Brooks Lee,38257895,2B/SS,3800,MIN@STL 03/30/2025 02:15PM ET,MIN,5.12
3B,Maikel Garcia (38257699),Maikel Garcia,38257699,3B,3800,CLE@KC 03/30/2025 02:10PM ET,KC,6.88
3B,Connor Norby (38257900),Connor Norby,38257900,3B,3800,PIT@MIA 03/30/2025 01:40PM ET,MIA,7.91
1B,Ryan O'Hearn (38257701),Ryan O'Hearn,38257701,1B,3700,BAL@TOR 03/30/2025 01:37PM ET,BAL,6.02
C,Connor Wong (38257705),Connor Wong,38257705,C,3700,BOS@TEX 03/30/2025 02:35PM ET,BOS,6.67
OF,Christopher Morel (38257704),Christopher Morel,38257704,OF,3700,COL@TB 03/30/2025 01:40PM ET,TB,6.01
OF,Jake Fraley (38257700),Jake Fraley,38257700,OF,3700,SF@CIN 03/30/2025 01:40PM ET,CIN,5.77
OF,Lars Nootbaar (38257702),Lars Nootbaar,38257702,OF,3700,MIN@STL 03/30/2025 02:15PM ET,STL,6.41
3B,Nolan Arenado (38257703),Nolan Arenado,38257703,3B,3700,MIN@STL 03/30/2025 02:15PM ET,STL,6.68
OF,Wilyer Abreu (38257711),Wilyer Abreu,38257711,OF,3600,BOS@TEX 03/30/2025 02:35PM ET,BOS,6.38
OF,Garrett Mitchell (38257707),Garrett Mitchell,38257707,OF,3600,MIL@NYY 03/30/2025 01:35PM ET,MIL,6.73
3B/SS,Joey Ortiz (38257708),Joey Ortiz,38257708,3B/SS,3600,MIL@NYY 03/30/2025 01:35PM ET,MIL,6.12
OF,Heliot Ramos (38257710),Heliot Ramos,38257710,OF,3600,SF@CIN 03/30/2025 01:40PM ET,SF,7.93
1B,Carlos Santana (38257706),Carlos Santana,38257706,1B,3600,CLE@KC 03/30/2025 02:10PM ET,CLE,6.77
C,Joey Bart (38257712),Joey Bart,38257712,C,3600,PIT@MIA 03/30/2025 01:40PM ET,PIT,6.7
SS,Zach Neto (38257901),Zach Neto,38257901,SS,3500,LAA@CWS 03/30/2025 02:10PM ET,LAA,7.70
C,Patrick Bailey (38257714),Patrick Bailey,38257714,C,3500,SF@CIN 03/30/2025 01:40PM ET,SF,5.46
2B/OF,Gavin Lux (38257717),Gavin Lux,38257717,2B/OF,3500,SF@CIN 03/30/2025 01:40PM ET,CIN,5.66
2B,Edouard Julien (38257713),Edouard Julien,38257713,2B,3500,MIN@STL 03/30/2025 02:15PM ET,MIN,4.76
2B/OF,Brendan Donovan (38257715),Brendan Donovan,38257715,2B/OF,3500,MIN@STL 03/30/2025 02:15PM ET,STL,7.11
1B,Mark Canha (38257719),Mark Canha,38257719,1B,3500,CLE@KC 03/30/2025 02:10PM ET,KC,5.70
OF,Jesus Sanchez (38257902),Jesus Sanchez,38257902,OF,3500,PIT@MIA 03/30/2025 01:40PM ET,MIA,6.51
C,Logan O'Hoppe (38257723),Logan O'Hoppe,38257723,C,3400,LAA@CWS 03/30/2025 02:10PM ET,LAA,6.32
3B,Josh Rojas (38257903),Josh Rojas,38257903,3B,3400,LAA@CWS 03/30/2025 02:10PM ET,CWS,4.84
3B,Josh Jung (38257720),Josh Jung,38257720,3B,3400,BOS@TEX 03/30/2025 02:35PM ET,TEX,6.80
OF,Ceddanne Rafaela (38257722),Ceddanne Rafaela,38257722,OF,3400,BOS@TEX 03/30/2025 02:35PM ET,BOS,6.60
3B,Curtis Mead (38257721),Curtis Mead,38257721,3B,3400,COL@TB 03/30/2025 01:40PM ET,TB,4.21
2B,Nolan Gorman (38257724),Nolan Gorman,38257724,2B,3400,MIN@STL 03/30/2025 02:15PM ET,STL,6.25
OF,Alex Call (38257729),Alex Call,38257729,OF,3300,PHI@WSH 03/30/2025 01:35PM ET,WSH,8.4
OF,Heston Kjerstad (38257725),Heston Kjerstad,38257725,OF,3300,BAL@TOR 03/30/2025 01:37PM ET,BAL,4.54
3B,Will Wagner (38257727),Will Wagner,38257727,3B,3300,BAL@TOR 03/30/2025 01:37PM ET,TOR,6.12
2B,Kristian Campbell (38257728),Kristian Campbell,38257728,2B,3300,BOS@TEX 03/30/2025 02:35PM ET,BOS,0
OF,Sal Frelick (38257726),Sal Frelick,38257726,OF,3300,MIL@NYY 03/30/2025 01:35PM ET,MIL,5.72
2B/OF,Richie Palacios (38257904),Richie Palacios,38257904,2B/OF,3300,COL@TB 03/30/2025 01:40PM ET,TB,6.11
2B/SS,Nick Gonzales (38257730),Nick Gonzales,38257730,2B/SS,3300,PIT@MIA 03/30/2025 01:40PM ET,PIT,6.87
1B,Nathaniel Lowe (38257733),Nathaniel Lowe,38257733,1B,3200,PHI@WSH 03/30/2025 01:35PM ET,WSH,6.86
2B,Luis Garcia Jr. (38257739),Luis Garcia Jr.,38257739,2B,3200,PHI@WSH 03/30/2025 01:35PM ET,WSH,7.31
OF,Brandon Marsh (38257740),Brandon Marsh,38257740,OF,3200,PHI@WSH 03/30/2025 01:35PM ET,PHI,6.51
3B,Miguel Vargas (38257738),Miguel Vargas,38257738,3B,3200,LAA@CWS 03/30/2025 02:10PM ET,CWS,4.01
C,Alejandro Kirk (38257741),Alejandro Kirk,38257741,C,3200,BAL@TOR 03/30/2025 01:37PM ET,TOR,5.48
C,Danny Jansen (38257737),Danny Jansen,38257737,C,3200,COL@TB 03/30/2025 01:40PM ET,TB,5.10
2B/SS,Tyler Fitzgerald (38257734),Tyler Fitzgerald,38257734,2B/SS,3200,SF@CIN 03/30/2025 01:40PM ET,SF,7.55
OF,Trevor Larnach (38257736),Trevor Larnach,38257736,OF,3200,MIN@STL 03/30/2025 02:15PM ET,MIN,6.63
OF,Nolan Jones (38257732),Nolan Jones,38257732,OF,3200,CLE@KC 03/30/2025 02:10PM ET,CLE,5.53
OF,MJ Melendez (38257742),MJ Melendez,38257742,OF,3200,CLE@KC 03/30/2025 02:10PM ET,KC,5.17
C,Keibert Ruiz (38257743),Keibert Ruiz,38257743,C,3100,PHI@WSH 03/30/2025 01:35PM ET,WSH,5.60
1B,Josh Bell (38257748),Josh Bell,38257748,1B,3100,PHI@WSH 03/30/2025 01:35PM ET,WSH,6.70
OF,Rob Refsnyder (38257752),Rob Refsnyder,38257752,OF,3100,BOS@TEX 03/30/2025 02:35PM ET,BOS,6.08
1B,Ben Rice (38257749),Ben Rice,38257749,1B,3100,MIL@NYY 03/30/2025 01:35PM ET,NYY,5.34
3B/OF,Kris Bryant (38257750),Kris Bryant,38257750,3B/OF,3100,COL@TB 03/30/2025 01:40PM ET,COL,5.43
C,Ivan Herrera (38257744),Ivan Herrera,38257744,C,3100,MIN@STL 03/30/2025 02:15PM ET,STL,6.64
2B/OF,Willi Castro (38257745),Willi Castro,38257745,2B/OF,3100,MIN@STL 03/30/2025 02:15PM ET,MIN,6.94
OF,Jhonkensy Noel (38257747),Jhonkensy Noel,38257747,OF,3100,CLE@KC 03/30/2025 02:10PM ET,CLE,5.21
OF,Hunter Renfroe (38257753),Hunter Renfroe,38257753,OF,3100,CLE@KC 03/30/2025 02:10PM ET,KC,5.57
3B,Ke'Bryan Hayes (38257754),Ke'Bryan Hayes,38257754,3B,3100,PIT@MIA 03/30/2025 01:40PM ET,PIT,5.58
2B,Amed Rosario (38257760),Amed Rosario,38257760,2B,3000,PHI@WSH 03/30/2025 01:35PM ET,WSH,5.48
C,Rafael Marchan (38257764),Rafael Marchan,38257764,C,3000,PHI@WSH 03/30/2025 01:35PM ET,PHI,6.47
OF,Andrew Benintendi (38257758),Andrew Benintendi,38257758,OF,3000,LAA@CWS 03/30/2025 02:10PM ET,CWS,6.18
3B/SS,Ernie Clement (38257761),Ernie Clement,38257761,3B/SS,3000,BAL@TOR 03/30/2025 01:37PM ET,TOR,5.53
OF,Masataka Yoshida (38257909),Masataka Yoshida,38257909,OF,3000,BOS@TEX 03/30/2025 02:35PM ET,BOS,6.75
3B,Oswaldo Cabrera (38257767),Oswaldo Cabrera,38257767,3B,3000,MIL@NYY 03/30/2025 01:35PM ET,NYY,4.69
C,Jacob Stallings (38257763),Jacob Stallings,38257763,C,3000,COL@TB 03/30/2025 01:40PM ET,COL,6.10
OF/SS,Jose Caballero (38257765),Jose Caballero,38257765,SS/OF,3000,COL@TB 03/30/2025 01:40PM ET,TB,6.49
C,Tom Murphy (38257908),Tom Murphy,38257908,C,3000,SF@CIN 03/30/2025 01:40PM ET,SF,3
1B/OF,Alec Burleson (38257755),Alec Burleson,38257755,1B/OF,3000,MIN@STL 03/30/2025 02:15PM ET,STL,6.88
1B,Ty France (38257757),Ty France,38257757,1B,3000,MIN@STL 03/30/2025 02:15PM ET,MIN,5.54
C,Pedro Pages (38257759),Pedro Pages,38257759,C,3000,MIN@STL 03/30/2025 02:15PM ET,STL,4.96
1B/C,David Fry (38257906),David Fry,38257906,C/1B,3000,CLE@KC 03/30/2025 02:10PM ET,CLE,5.97
OF,Jack Suwinski (38257768),Jack Suwinski,38257768,OF,3000,PIT@MIA 03/30/2025 01:40PM ET,PIT,4.83
3B/SS,Edmundo Sosa (38257774),Edmundo Sosa,38257774,3B/SS,2900,PHI@WSH 03/30/2025 01:35PM ET,PHI,5.53
OF,Weston Wilson (38257911),Weston Wilson,38257911,OF,2900,PHI@WSH 03/30/2025 01:35PM ET,PHI,4.51
OF,Mike Tauchman (38257910),Mike Tauchman,38257910,OF,2900,LAA@CWS 03/30/2025 02:10PM ET,CWS,5.41
C,Jonah Heim (38257770),Jonah Heim,38257770,C,2900,BOS@TEX 03/30/2025 02:35PM ET,TEX,5.30
OF,Jonny DeLuca (38257769),Jonny DeLuca,38257769,OF,2900,COL@TB 03/30/2025 01:40PM ET,TB,5.22
SS,Taylor Walls (38257771),Taylor Walls,38257771,SS,2900,COL@TB 03/30/2025 01:40PM ET,TB,4.48
1B/3B,Jonah Bride (38257772),Jonah Bride,38257772,1B/3B,2900,PIT@MIA 03/30/2025 01:40PM ET,MIA,6.94
C,Travis d'Arnaud (38257781),Travis d'Arnaud,38257781,C,2800,LAA@CWS 03/30/2025 02:10PM ET,LAA,5.96
3B,Ezequiel Duran (38257779),Ezequiel Duran,38257779,3B,2800,BOS@TEX 03/30/2025 02:35PM ET,TEX,3.97
3B/SS,Oswald Peraza (38257783),Oswald Peraza,38257783,3B/SS,2800,MIL@NYY 03/30/2025 01:35PM ET,NYY,5.25
OF,Jordan Beck (38257786),Jordan Beck,38257786,OF,2800,COL@TB 03/30/2025 01:40PM ET,COL,4.44
OF,Mike Yastrzemski (38257777),Mike Yastrzemski,38257777,OF,2800,SF@CIN 03/30/2025 01:40PM ET,SF,5.98
1B,Wilmer Flores (38257780),Wilmer Flores,38257780,1B,2800,SF@CIN 03/30/2025 01:40PM ET,SF,4.51
OF,Austin Hays (38257912),Austin Hays,38257912,OF,2800,SF@CIN 03/30/2025 01:40PM ET,CIN,4.45
OF,Harrison Bader (38257778),Harrison Bader,38257778,OF,2800,MIN@STL 03/30/2025 02:15PM ET,MIN,5.01
SS,Brayan Rocchio (38257776),Brayan Rocchio,38257776,SS,2800,CLE@KC 03/30/2025 02:10PM ET,CLE,4.71
2B,Adam Frazier (38257782),Adam Frazier,38257782,2B,2800,PIT@MIA 03/30/2025 01:40PM ET,PIT,3.85
2B,Otto Lopez (38257785),Otto Lopez,38257785,2B,2800,PIT@MIA 03/30/2025 01:40PM ET,MIA,6.39
2B,Lenyn Sosa (38257789),Lenyn Sosa,38257789,2B,2700,LAA@CWS 03/30/2025 02:10PM ET,CWS,5.2
OF,Ramon Laureano (38257788),Ramon Laureano,38257788,OF,2700,BAL@TOR 03/30/2025 01:37PM ET,BAL,5.56
OF,Leody Taveras (38257787),Leody Taveras,38257787,OF,2700,BOS@TEX 03/30/2025 02:35PM ET,TEX,5.75
2B,David Hamilton (38257792),David Hamilton,38257792,2B,2700,BOS@TEX 03/30/2025 02:35PM ET,BOS,6.89
C,Eric Haase (38257790),Eric Haase,38257790,C,2700,MIL@NYY 03/30/2025 01:35PM ET,MIL,4.83
2B/3B,DJ LeMahieu (38257914),DJ LeMahieu,38257914,2B/3B,2700,MIL@NYY 03/30/2025 01:35PM ET,NYY,4.13
OF,Tyler Freeman (38257791),Tyler Freeman,38257791,OF,2700,COL@TB 03/30/2025 01:40PM ET,COL,5.07
OF,Jerar Encarnacion (38257913),Jerar Encarnacion,38257913,OF,2700,SF@CIN 03/30/2025 01:40PM ET,SF,5.94
OF,Jacob Young (38257798),Jacob Young,38257798,OF,2600,PHI@WSH 03/30/2025 01:35PM ET,WSH,6.03
C,Riley Adams (38257802),Riley Adams,38257802,C,2600,PHI@WSH 03/30/2025 01:35PM ET,WSH,4.20
2B/SS,Brooks Baldwin (38257796),Brooks Baldwin,38257796,2B/SS,2600,LAA@CWS 03/30/2025 02:10PM ET,CWS,4.97
3B,Ramon Urias (38257794),Ramon Urias,38257794,3B,2600,BAL@TOR 03/30/2025 01:37PM ET,BAL,5.22
2B/OF,Davis Schneider (38257807),Davis Schneider,38257807,2B/OF,2600,BAL@TOR 03/30/2025 01:37PM ET,TOR,5.03
3B,Romy Gonzalez (38257810),Romy Gonzalez,38257810,3B,2600,BOS@TEX 03/30/2025 02:35PM ET,BOS,4.66
2B/3B,Vinny Capra (38257799),Vinny Capra,38257799,2B/3B,2600,MIL@NYY 03/30/2025 01:35PM ET,MIL,2.33
3B,Oliver Dunn (38257801),Oliver Dunn,38257801,3B,2600,MIL@NYY 03/30/2025 01:35PM ET,MIL,3.68
OF,Blake Perkins (38257916),Blake Perkins,38257916,OF,2600,MIL@NYY 03/30/2025 01:35PM ET,MIL,6.27
OF,Nick Martini (38257809),Nick Martini,38257809,OF,2600,COL@TB 03/30/2025 01:40PM ET,COL,5.21
C,Austin Wynns (38257803),Austin Wynns,38257803,C,2600,SF@CIN 03/30/2025 01:40PM ET,CIN,5.86
OF,Luis Matos (38257805),Luis Matos,38257805,OF,2600,SF@CIN 03/30/2025 01:40PM ET,SF,5.09
2B,Casey Schmitt (38257806),Casey Schmitt,38257806,2B,2600,SF@CIN 03/30/2025 01:40PM ET,SF,5
2B,Mickey Gasper (38257795),Mickey Gasper,38257795,2B,2600,MIN@STL 03/30/2025 02:15PM ET,MIN,0.92
C,Bo Naylor (38257793),Bo Naylor,38257793,C,2600,CLE@KC 03/30/2025 02:10PM ET,CLE,4.54
1B,Matt Mervis (38257804),Matt Mervis,38257804,1B,2600,PIT@MIA 03/30/2025 01:40PM ET,MIA,2.33
3B/SS,Isiah Kiner-Falefa (38257811),Isiah Kiner-Falefa,38257811,3B/SS,2600,PIT@MIA 03/30/2025 01:40PM ET,PIT,5.91
1B,Spencer Horwitz (38257917),Spencer Horwitz,38257917,1B,2600,PIT@MIA 03/30/2025 01:40PM ET,PIT,6.73
3B,Paul DeJong (38257813),Paul DeJong,38257813,3B,2500,PHI@WSH 03/30/2025 01:35PM ET,WSH,5.75
3B,Kody Clemens (38257822),Kody Clemens,38257822,3B,2500,PHI@WSH 03/30/2025 01:35PM ET,PHI,4.69
2B/SS,Jorge Mateo (38257815),Jorge Mateo,38257815,2B/SS,2500,BAL@TOR 03/30/2025 01:37PM ET,BAL,5.71
C,Carlos Narvaez (38257823),Carlos Narvaez,38257823,C,2500,BOS@TEX 03/30/2025 02:35PM ET,BOS,2.17
1B/2B,Jonathan Aranda (38257817),Jonathan Aranda,38257817,1B/2B,2500,COL@TB 03/30/2025 01:40PM ET,TB,5.59
OF,Mickey Moniak (38257821),Mickey Moniak,38257821,OF,2500,COL@TB 03/30/2025 01:40PM ET,COL,5.52
C,Hunter Goodman (38257828),Hunter Goodman,38257828,C,2500,COL@TB 03/30/2025 01:40PM ET,COL,5.37
2B/SS,Thairo Estrada (38257918),Thairo Estrada,38257918,2B/SS,2500,COL@TB 03/30/2025 01:40PM ET,COL,5.83
C,Jose Trevino (38257814),Jose Trevino,38257814,C,2500,SF@CIN 03/30/2025 01:40PM ET,CIN,4.65
3B/OF,Santiago Espinal (38257824),Santiago Espinal,38257824,3B/OF,2500,SF@CIN 03/30/2025 01:40PM ET,CIN,5.14
1B,Cavan Biggio (38257826),Cavan Biggio,38257826,1B,2500,CLE@KC 03/30/2025 02:10PM ET,KC,4.13
OF,Derek Hill (38257819),Derek Hill,38257819,OF,2500,PIT@MIA 03/30/2025 01:40PM ET,MIA,5.96
C,Nick Fortes (38257820),Nick Fortes,38257820,C,2500,PIT@MIA 03/30/2025 01:40PM ET,MIA,3.76
1B,Endy Rodriguez (38257827),Endy Rodriguez,38257827,1B,2500,PIT@MIA 03/30/2025 01:40PM ET,PIT,0
OF,Johan Rojas (38257840),Johan Rojas,38257840,OF,2400,PHI@WSH 03/30/2025 01:35PM ET,PHI,5.19
2B,Tim Anderson (38257836),Tim Anderson,38257836,2B,2400,LAA@CWS 03/30/2025 02:10PM ET,LAA,3.69
SS,Nicky Lopez (38257837),Nicky Lopez,38257837,SS,2400,LAA@CWS 03/30/2025 02:10PM ET,LAA,4.54
OF,Nathan Lukes (38257838),Nathan Lukes,38257838,OF,2400,BAL@TOR 03/30/2025 01:37PM ET,TOR,7.5
C,Kyle Higashioka (38257830),Kyle Higashioka,38257830,C,2400,BOS@TEX 03/30/2025 02:35PM ET,TEX,6.04
OF,Trent Grisham (38257839),Trent Grisham,38257839,OF,2400,MIL@NYY 03/30/2025 01:35PM ET,NYY,4.5
1B,Dominic Smith (38257920),Dominic Smith,38257920,1B,2400,MIL@NYY 03/30/2025 01:35PM ET,NYY,5.17
1B,Christian Encarnacion-Strand (38257832),Christian Encarnacion-Strand,38257832,1B,2400,SF@CIN 03/30/2025 01:40PM ET,CIN,5.52
OF,Blake Dunn (38257834),Blake Dunn,38257834,OF,2400,SF@CIN 03/30/2025 01:40PM ET,CIN,2.90
OF,Jordan Walker (38257829),Jordan Walker,38257829,OF,2400,MIN@STL 03/30/2025 02:15PM ET,STL,5.10
OF,Johnathan Rodriguez (38257831),Johnathan Rodriguez,38257831,OF,2400,CLE@KC 03/30/2025 02:10PM ET,CLE,4.15
OF,Daniel Schneemann (38257833),Daniel Schneemann,38257833,OF,2400,CLE@KC 03/30/2025 02:10PM ET,CLE,4.40
OF,Dairon Blanco (38257842),Dairon Blanco,38257842,OF,2400,CLE@KC 03/30/2025 02:10PM ET,KC,4.54
OF,Kyle Isbel (38257843),Kyle Isbel,38257843,OF,2400,CLE@KC 03/30/2025 02:10PM ET,KC,5.22
OF,Griffin Conine (38257835),Griffin Conine,38257835,OF,2400,PIT@MIA 03/30/2025 01:40PM ET,MIA,5.53
OF,Kyle Stowers (38257841),Kyle Stowers,38257841,OF,2400,PIT@MIA 03/30/2025 01:40PM ET,MIA,4.10
C,Korey Lee (38257849),Korey Lee,38257849,C,2300,LAA@CWS 03/30/2025 02:10PM ET,CWS,4.54
SS,Kevin Newman (38257851),Kevin Newman,38257851,SS,2300,LAA@CWS 03/30/2025 02:10PM ET,LAA,4.60
3B,Bryan Ramos (38257921),Bryan Ramos,38257921,3B,2300,LAA@CWS 03/30/2025 02:10PM ET,CWS,4.72
1B,Brandon Drury (38257922),Brandon Drury,38257922,1B,2300,LAA@CWS 03/30/2025 02:10PM ET,CWS,3.73
C,Gary Sanchez (38257845),Gary Sanchez,38257845,C,2300,BAL@TOR 03/30/2025 01:37PM ET,BAL,5.10
OF,Kevin Pillar (38257848),Kevin Pillar,38257848,OF,2300,BOS@TEX 03/30/2025 02:35PM ET,TEX,5.66
C,J.C. Escarra (38257852),J.C. Escarra,38257852,C,2300,MIL@NYY 03/30/2025 01:35PM ET,NYY,0
2B,Kyle Farmer (38257854),Kyle Farmer,38257854,2B,2300,COL@TB 03/30/2025 01:40PM ET,COL,3.47
OF,Jacob Hurtubise (38257847),Jacob Hurtubise,38257847,OF,2300,SF@CIN 03/30/2025 01:40PM ET,CIN,3
OF,Victor Scott II (38257844),Victor Scott II,38257844,OF,2300,MIN@STL 03/30/2025 02:15PM ET,STL,3.76
C,Christian Vazquez (38257846),Christian Vazquez,38257846,C,2300,MIN@STL 03/30/2025 02:15PM ET,MIN,4.46
1B,Luken Baker (38257850),Luken Baker,38257850,1B,2300,MIN@STL 03/30/2025 02:15PM ET,STL,4.14
C,Liam Hicks (38257853),Liam Hicks,38257853,C,2300,PIT@MIA 03/30/2025 01:40PM ET,MIA,0
2B/3B,Jose Tena (38257858),Jose Tena,38257858,2B/3B,2200,PHI@WSH 03/30/2025 01:35PM ET,WSH,5.96
OF,Austin Slater (38257855),Austin Slater,38257855,OF,2200,LAA@CWS 03/30/2025 02:10PM ET,CWS,3.49
SS,Josh Smith (38257860),Josh Smith,38257860,SS,2200,BOS@TEX 03/30/2025 02:35PM ET,TEX,6.72
OF,Isaac Collins (38257861),Isaac Collins,38257861,OF,2200,MIL@NYY 03/30/2025 01:35PM ET,MIL,1.36
C,Sam Huff (38257862),Sam Huff,38257862,C,2200,SF@CIN 03/30/2025 01:40PM ET,SF,0.67
OF,Michael Siani (38257856),Michael Siani,38257856,OF,2200,MIN@STL 03/30/2025 02:15PM ET,STL,4.14
OF,DaShawn Keirsey Jr. (38257857),DaShawn Keirsey Jr.,38257857,OF,2200,MIN@STL 03/30/2025 02:15PM ET,MIN,3.17
1B/3B,Eric Wagaman (38257863),Eric Wagaman,38257863,1B/3B,2200,PIT@MIA 03/30/2025 01:40PM ET,MIA,6.33
1B/3B,Jared Triolo (38257865),Jared Triolo,38257865,1B/3B,2200,PIT@MIA 03/30/2025 01:40PM ET,PIT,5.21
OF,Ji Hwan Bae (38257867),Ji Hwan Bae,38257867,OF,2200,PIT@MIA 03/30/2025 01:40PM ET,PIT,4.21
1B,Andres Chaparro (38257923),Andres Chaparro,38257923,1B,2100,PHI@WSH 03/30/2025 01:35PM ET,WSH,6.39
C,Matt Thaiss (38257869),Matt Thaiss,38257869,C,2100,LAA@CWS 03/30/2025 02:10PM ET,CWS,4.54
OF,Michael A. Taylor (38257871),Michael A. Taylor,38257871,OF,2100,LAA@CWS 03/30/2025 02:10PM ET,CWS,3.82
2B,Kyren Paris (38257873),Kyren Paris,38257873,2B,2100,LAA@CWS 03/30/2025 02:10PM ET,LAA,3.14
C,Tyler Heineman (38257874),Tyler Heineman,38257874,C,2100,BAL@TOR 03/30/2025 01:37PM ET,TOR,1.88
C,Ben Rortvedt (38257868),Ben Rortvedt,38257868,C,2100,COL@TB 03/30/2025 01:40PM ET,TB,3.95
OF,Kameron Misner (38257872),Kameron Misner,38257872,OF,2100,COL@TB 03/30/2025 01:40PM ET,TB,0.38
OF,Sean Bouchard (38257878),Sean Bouchard,38257878,OF,2100,COL@TB 03/30/2025 01:40PM ET,COL,5.29
SS,Christian Koss (38257877),Christian Koss,38257877,SS,2100,SF@CIN 03/30/2025 01:40PM ET,SF,0
2B,Gabriel Arias (38257870),Gabriel Arias,38257870,2B,2100,CLE@KC 03/30/2025 02:10PM ET,CLE,4.62
C,Freddy Fermin (38257879),Freddy Fermin,38257879,C,2100,CLE@KC 03/30/2025 02:10PM ET,KC,5.03
OF,Dane Myers (38257875),Dane Myers,38257875,OF,2100,PIT@MIA 03/30/2025 01:40PM ET,MIA,5.16
OF,Javier Sanoja (38257876),Javier Sanoja,38257876,OF,2100,PIT@MIA 03/30/2025 01:40PM ET,MIA,2.67
3B,Graham Pauley (38257880),Graham Pauley,38257880,3B,2100,PIT@MIA 03/30/2025 01:40PM ET,MIA,3.38
2B,Nick Maton (38257881),Nick Maton,38257881,2B,2000,LAA@CWS 03/30/2025 02:10PM ET,CWS,0
SS,Jake Amaya (38257882),Jake Amaya,38257882,SS,2000,LAA@CWS 03/30/2025 02:10PM ET,CWS,2.71
OF,Travis Jankowski (38257883),Travis Jankowski,38257883,OF,2000,LAA@CWS 03/30/2025 02:10PM ET,CWS,2.71
C,Omar Narvaez (38257925),Omar Narvaez,38257925,C,2000,LAA@CWS 03/30/2025 02:10PM ET,CWS,2.07
2B/3B,Anthony Rendon (38257926),Anthony Rendon,38257926,2B/3B,2000,LAA@CWS 03/30/2025 02:10PM ET,LAA,5.46
1B,Joey Gallo (38257928),Joey Gallo,38257928,1B,2000,LAA@CWS 03/30/2025 02:10PM ET,CWS,5.07
OF,Myles Straw (38257888),Myles Straw,38257888,OF,2000,BAL@TOR 03/30/2025 01:37PM ET,TOR,2.43
OF,Alan Roden (38257889),Alan Roden,38257889,OF,2000,BAL@TOR 03/30/2025 01:37PM ET,TOR,0
SS,Nick Ahmed (38257924),Nick Ahmed,38257924,SS,2000,BOS@TEX 03/30/2025 02:35PM ET,TEX,3.99
OF,Cody Thomas (38257931),Cody Thomas,38257931,OF,2000,BOS@TEX 03/30/2025 02:35PM ET,TEX,0
1B/OF,Jake Bauers (38257884),Jake Bauers,38257884,1B/OF,2000,MIL@NYY 03/30/2025 01:35PM ET,MIL,5.36
OF,Pablo Reyes (38257887),Pablo Reyes,38257887,OF,2000,MIL@NYY 03/30/2025 01:35PM ET,NYY,3.18
C,Chance Sisco (38257930),Chance Sisco,38257930,C,2000,MIN@STL 03/30/2025 02:15PM ET,STL,0
C,Austin Hedges (38257886),Austin Hedges,38257886,C,2000,CLE@KC 03/30/2025 02:10PM ET,CLE,2.31
C,Luke Maile (38257929),Luke Maile,38257929,C,2000,CLE@KC 03/30/2025 02:10PM ET,KC,3.09
